Submission ID,Title,Content,Author,Time Created(UTC),# of Upvotes,Upvote Ratio
q18zrj,How is everyone enjoying Reddit while Instagram Facebook and whatsapp are all down?,PastaM0nster,1633365005.0,148721,0.81
n128oc,People who have Only fans what is stopping you from upgrading to an air conditioner?,MapleGlazedMoose,1619695532.0,118594,0.76
myeqin,As a 20-30 year old you are offered the chance to live rent-free in a retirement or nursing home with the caveat that you must make an effort to spend at least a few hours/day with the other residents (sharing meals hanging out etc...). Would you take this opportunity and why or why not?,clvr-usrnm,1619376571.0,98433,0.83
odkp21,Have you ever been drunk or high and came up with this truly amazing idea but then became sober and realized it wasn't as amazing as you thought it was? If so what was the idea?,Smil3yAngel,1625406130.0,91383,0.88
n34b7f,[Serious] Therapists what is something people are afraid to tell you because they think it's weird but that you've actually heard a lot of times before?,Music-and-wine,1619954381.0,90890,0.92
ts82um,Chris Rock is performing a standup gig tonight in Bostonhis first appearance since the Oscars. If you were Chris what would be the first joke you'd tell assuming you'd want to acknowledge Will Smith's slap?,RGDJR,1648651604.0,90670,0.74
n9jyqk,People who quit their jobs on the first day what was your "I'm outta here" moment?,redmambo_no6,1620691453.0,88027,0.92
olgt7p,What wedding moment made you think: "They are not going to last long"?,Olya_roo,1626441890.0,87292,0.9
mqq25v,What Bible story would qualify as a Florida man story?,Garuda-Star,1618405237.0,85269,0.85
t2eg6v,With the 2020's going down the history as "the roaring what the fucks" what event wouldn't surprise you if it were to happen now?,Novaresident,1645931395.0,85256,0.85
og6dcv,What moment made you say "Yep I'm definitely dead" but survived with no major injuries?,CrownedBird,1625747943.0,82813,0.91
nnj3w7,People who choose to be kind everyday despite of not receiving the same kindness back what motivates you ?,jeev07,1622277593.0,82341,0.88
opcv53,Assuming athletes would be nude at modern Olympics (as there were in the ancient times) which discipline would be the most cringy or the most awkward to watch?,iguana_bandit,1626957053.0,81525,0.84
n79n8y,Overthinkers of Reddit what unlikely scenario actually came true that you were completely prepared for because you are an overthinker?,lawofdox18,1620423312.0,79651,0.92
n2l1f9,What's a quote that permanently changed the way you look at things?,internallyskating,1619884322.0,79449,0.92
mur1p5,What was supposed to be "The Next Big Thing" but totally flopped?,LineOfDeath,1618927457.0,78491,0.92
o2hlbv,Your consciousness is sent back to when you were at age 15 and you maintain all of your current knowledge and experience. What do you do?,TheIconicNZ,1623994186.0,78073,0.83
mvicaw,Doctors of Reddit: What happened when you diagnosed a Covid-19 denier with Covid-19?,IzziSparks,1619019513.0,77267,0.78
n0jxcp,You've been kidnapped. 30 mins later your kidnapper dumps you on the street because you won't stop talking about what?,Elastic_Quatsch,1619630544.0,76437,0.83
mq1jil,Men who have sold/donated sperm and gave permission for the child to contact you at 18 what is your story?,lulpwned,1618318078.0,76382,0.87
nehqa9,What's the dumbest rule your school ever enforced?,SoLe123456,1621261723.0,75848,0.88
nhtjzc,What movie is so good you'd recommend it to all your friends but so emotionally traumatic that you'll never watch it again?,akambe,1621606526.0,74929,0.91
ru2wto,What is a survival myth that is completely wrong and could get you killed?,standardgenre45,1641102430.0,74566,0.94
p1t0ky,Men of reddit what is a great sex tip you have to share with other men of reddit?,pirobinha,1628613748.0,73615,0.74
nwpf1a,What are you the 1% of?,NoWasExpected,1623336410.0,73347,0.9
nns8ge,What's the most fucked up thing someone has told you about themselves after barely getting to know them?,Butt_Roidholds,1622309462.0,72745,0.91
ofmeab,Which actor crushed a role so hard that nobody else will be able to live up to it?,Ghsdkgb,1625675201.0,72338,0.88
pbzt5b,What improved your quality of life so much you wish you did it sooner?,colorfulsoul_,1629985473.0,71093,0.94
mxf4dl,What is the most toxic thing a parent can say to a child?,Few_Reading_4822,1619249887.0,70557,0.85
nbaar5,Those who have been to a ruined wedding what happened?,lolfuckno,1620887977.0,70254,0.92
s548jj,You can have $1 billion but you can never get drunk or high again are you interested? Why or why not?,BroodyBatman,1642309878.0,70233,0.69
n5mj47,What family secret was finally spilled in your family?,AbsoluteHavoc,1620238318.0,69970,0.91
oop94z,To the people who record themselves crying and then post it to a social media why?,The_Hydra7,1626871945.0,69907,0.82
ntofxm,What the scariest true story you know?,Littel_Chubb,1622993861.0,69827,0.92
pdzzrw,What is the most disturbing thing to know?,Bancoarotelle,1630259312.0,69584,0.86
nmy1er,What's some popular self-care/self-love advice that is actually really toxic?,redhead_in_red,1622209104.0,69478,0.9
n8r6n6,You can go back 100000 years to a cave that will be discovered by archeologists what do you write on the wall to mess with them?,thunderbird000000,1620605404.0,68614,0.89
msu3mu,What is socially acceptable in the U.S. That would be horrifying in the U.K.?,TownImmediate9060,1618677595.0,68571,0.86
nq9fjc,People who work at 5 Star Hotels: what type of shit goes on that management doesn't want people to know?,catstevenseagal,1622595449.0,68342,0.92
p2u3fe,If we could set up a Truman Show scenario where Trump thinks he's President again and the public send in scenarios for him to deal with what would you suggest?,vicmackey1981,1628748979.0,68314,0.72
oe5uja,When did you realize your "friends" were actually fake friends?,VexAndStuff,1625486180.0,68303,0.88
o0x06o,Ladies: What is a dead give-away that a man watches too much porn when he's in bed with you?,boxonhead11,1623819084.0,67764,0.82
nt3y49,What is far deadlier than most people realize? [serious],ILikeIceCreamSoMuch,1622922983.0,67285,0.92
nc8fis,People who take out their phones to record strangers who are having bad days: Why?,erik316wttn,1620998359.0,66949,0.82
mpf8nh,What is your Favorite Quote from Spongebob?,cloudcity8,1618238398.0,66758,0.77
nk26ko,People who take an hour showering what do you do?,PyxlwasTaken,1621874301.0,66737,0.87
p3w5k9,What's the weirdest thing you've seen happen at a friend's house that they thought was normal?,LiterallyEkam,1628895107.0,66317,0.93
mpnsdn,Females of Reddit - What is the sexiest thing a plus size gamer gentleman has told you that has made you want to immediately have sex with him and be his girlfriend?,RedditNightLads,1618262735.0,66266,0.66
mw2api,What do you genuinely not understand?,lliorca336,1619089454.0,66085,0.92
nj64sd,Which dead celebrities are treated like saints but were truly awful people when they were alive ?,misterZ_6000,1621770345.0,65987,0.89
n4vf1p,What was your biggest/most regrettable "It's not a phase mom. It's my life." that in fact turned out to be just a phase and not your life?,SirGergoyFriendman,1620155436.0,65918,0.92
ovnbun,Make a wish employees What was the most strangest thing a make a wish kid asked for and actually received?,The_King123431,1627800193.0,65804,0.88
n68cj4,What modern social trend pisses you off the most?,jimjoe1,1620310786.0,65219,0.88
otli70,Women what are some questions you've always wanted to ask men but were too embarrassed?,SecretariatGodHorse,1627514153.0,65182,0.73
nuceo8,Dungeon masters of reddit what is the most USELESS item you gave your party that they were still able to exploit?,DualRaccoon9,1623072100.0,64583,0.88
ovcalk,What has no reason to exist in 2021 and yet it does?,GrabApprehensive,1627756051.0,64473,0.9
nosug2,If all statues on Earth came to life and became hostile which one would be the deadliest/scariest and be the most difficult to destroy?,RussianPredator7778,1622433409.0,64357,0.91
mowu0z,What is an adult problem that nobody prepared you for?,cracksandcrevices,1618167321.0,64319,0.92
njhdh0,Those who've never had to dig through the trash to read cooking instructions on a package before how's life going for you?,TheBeardedAntt,1621804225.0,63959,0.75
mx0pwd,What movie is simply magical to you no matter how popular or unpopular it may be?,Feelingofsunday,1619199593.0,63903,0.9
olspwd,people who take walks at night what's the scariest thing you've seen?,red-f1sh,1626478107.0,63739,0.91
nc0yya,What is the thing that surprised you the most when you traveled to a country you had never been to before?,Spilakkk,1620969221.0,63653,0.92
p1f1gn,What single human has done the most damage to the progression of humanity in the history of mankind?,RegularGuyy,1628558304.0,63486,0.9
nkfqg2,People who hoarded gas two weeks ago: how are things going for you now?,SlobMarley13,1621912290.0,63462,0.81
o0cyeh,What do people think makes them look cool but actually makes them look like a douchebag?,finleyg113,1623759324.0,63279,0.89
p08t9e,What is the weirdest thing you find extremely attractive?,Undecided_User_Name,1628400116.0,63267,0.84
s5m4up,Those of you who live in small towns what is the current local controversy all about?,Pessimistic_Soviet,1642368619.0,63204,0.92
s2pty6,What two jobs are fine on their own but suspicious if you work both of them?,CrustPad,1642046225.0,62604,0.91
o0o677,What's your favorite question to ask someone to get to know them better?,Cavalierkrav,1623789963.0,62535,0.94
mrb3ce,What's the best euphemism for telling people that they're stupid?,lientubay,1618478267.0,61691,0.91
rm3qcl,[Serious] [NSFW] What's something that a friend/classmate did in high school that was seen as funny at the time but you now realise was actually not ok?,Silent-Zebra,1640174189.0,61632,0.87
oq0qjx,What are you boycotting till the day you die?,redoutlaw23,1627040956.0,61429,0.91
n29moe,What is a totally wrong thing that has become so widespread it's not considered wrong anymore?,JimmysBacc,1619837834.0,61419,0.92
nwbbm3,What are some deeply unsettling facts that you know?,ToteMyRatchet,1623287325.0,61296,0.9
oi3udo,What is something that is considered kindness but is just basic human decency?,AmongUsDongBot,1626007645.0,61240,0.88
psin9a,What are some of the darker effects Covid-19 has had that we don't talk about?,dis_2much,1632230611.0,60752,0.86
p47gki,What do you consider the biggest threat to humanity?,Gregori_5,1628945499.0,60707,0.86
ot0pdk,People who cater to the super rich; What things have you seen?,NeighborhoodTrolley,1627438636.0,60605,0.9
tto3f2,People with street smarts' what is your most street tip?,lofisky,1648811366.0,60695,0.89
mzwd8x,What seems harmless but is incredibly dangerous?,Crimtot,1619551431.0,60581,0.93
ocfwtv,What basic children's-age-level fact did you only find out embarrassingly later in life?,boy-1der,1625249875.0,60436,0.93
q2viki,What useful unknown website do you wish more people knew about?,SauloJr,1633560637.0,60368,0.95
p6qb47,What is a supernatural event that happened in your life that just can not be explained?,HalfOfABraincell,1629290287.0,60148,0.84
rik4cn,What is something that was used heavily in the year 2000 but it's almost never used today?,BtownBrelooms,1639755668.0,60079,0.9
nuu2q4,A lot of famous recipes are claimed to be made with love but what's a dish that's probably made with hatred?,FrinkyNicks,1623119106.0,60046,0.91
njrvgm,What made you straight up "nope" out of a relationship?,MistaPwickles,1621839964.0,59960,0.9
mttmmx,What is a common myth about your country that is 100% false but many people still believe in it?,orionve,1618809019.0,59938,0.92
ojdyiw,What are you addicted to that is perfectly legal?,inNoutCross,1626177075.0,59791,0.87
oj3h26,People who don't sleep naked why?,The_WereArcticFox,1626133385.0,59632,0.76
qcqv9v,What is NOT a bullet you dodged but a huge tactical nuke you dodged?,NinjaNate123,1634819990.0,59531,0.88
nvl2dd,What's a book everyone should read at least once in their lives?,bugtanks33d,1623205703.0,59492,0.91
s34d9b,What is a red flag from an employer that people might not immediately recognize as a red flag?,taylortaylortaylorrr,1642094065.0,59233,0.91
nrguv3,What is something free from the internet which everyone should take advantage of?,MudiDK,1622735890.0,59012,0.93
ogy7iq,What would ads on porn sites look like if the majority of watchers were straight women?,SoulZoning,1625845312.0,58894,0.83
oesza5,[SERIOUS] What is a seemingly normal photo that has a disturbing backstory?,KermitTheFraud92,1625570681.0,58764,0.91
mzn0fa,What happens in movies or tv that seems to be normal and you think to yourself "that is not what people in real life do"?,Alaskan_Lost,1619525359.0,58633,0.91
